{"cameraMode":{"drawMode":0,"name":"Shaded","section":"Shading Mode"},"sceneLighting":true,"audioPlay":false,"sceneViewState":{"m_AlwaysRefresh":false,"showFog":true,"showSkybox":true,"showFlares":true,"showImageEffects":true,"showParticleSystems":true,"showVisualEffectGraphs":true,"m_FxEnabled":true},"in2DMode":false,"pivot":{"x":-0.030755817890167238,"y":-0.020816519856452943,"z":0.19310802221298219},"rotation":{"x":-0.1518416404724121,"y":-0.6021343469619751,"z":0.11798929423093796,"w":-0.7748927474021912},"size":0.3982325494289398,"orthographic":false}